{
  "n": 14399,
  "snr0": 2.7774048839853362,
  "ple": 0.412013835623663,
  "sigma": 7.663949263101529,
  "snr0_binned": -0.7483966057284027,
  "ple_binned": 0.24042748943146944,
  "corr_logd_snr": -0.4226711960462943,
  "rssi0": -90.59131405497669,
  "rssi_ple": 1.37637036346833,
  "snr_saturation_db": 13.0,
  "d_km_median": 5.801952430673818,
  "snr_median": 0.0,
  "sim_ple_used": 2.0,
  "sim_snr0_used": 22.07280895865176,
  "old_snr0": 17.0,
  "old_ple": 2.55,
  "snr_threshold_db": -12.0,
  "lora_max_km": 45.0,
  "empirical_hop_km_median": 10.084176721730225,
  "empirical_hop_km_p75": 19.276552951675324,
  "empirical_hop_km_p90": 28.779448035836463,
  "empirical_hop_n": 172052
}