{
  "summary": {
    "n_pairs": 29,
    "mean_opt_hops": 1.2413793103448276,
    "mean_mc_hops": 1.5208495015065342,
    "worst_mc_hops": 5,
    "mean_detour_ratio": 1.2040930565136223,
    "pct_pairs_with_detour": 100.0,
    "mean_detour_event_rate": 28.116198206262887,
    "mean_mc_tx": 5.705890435261542,
    "mean_mhr_tx": 2.2413793103448274,
    "airtime_reduction_pct": 60.71815020328043,
    "mean_mc_rel": 0.7245702622966806,
    "mean_mhr_rel": 0.7689637625319417
  },
  "detail": [
    {
      "pair": [
        "Cli-Koeln-Sued",
        "Cli-Koeln-Nord"
      ],
      "opt_hops": 1,
      "opt_etx": 1.01007550314386,
      "mc_hops_mean": 1.2,
      "mc_hops_max": 2,
      "mc_etx_mean": 1.3107410862024327,
      "detour_ratio": 1.2976664438675634,
      "frac_detour": 0.2,
      "mc_tx_mean": 5.65,
      "mhr_tx": 2,
      "mc_rel": 0.995,
      "mhr_rel": 0.995,
      "deliv_ratio_flood": 1.0,
      "ra": "Deutz-Hochhaus",
      "rb": "Colonius-Koeln",
      "opt_path": [
        "Deutz-Hochhaus",
        "Colonius-Koeln"
      ]
    },
    {
      "pair": [
        "Cli-Koeln-Sued",
        "Cli-Ehrenfeld"
      ],
      "opt_hops": 1,
      "opt_etx": 1.01007550314386,
      "mc_hops_mean": 1.145,
      "mc_hops_max": 2,
      "mc_etx_mean": 1.2085437814774211,
      "detour_ratio": 1.196488557257184,
      "frac_detour": 0.145,
      "mc_tx_mean": 5.605,
      "mhr_tx": 2,
      "mc_rel": 0.995,
      "mhr_rel": 0.995,
      "deliv_ratio_flood": 1.0,
      "ra": "Deutz-Hochhaus",
      "rb": "Colonius-Koeln",
      "opt_path": [
        "Deutz-Hochhaus",
        "Colonius-Koeln"
      ]
    },
    {
      "pair": [
        "Cli-Koeln-Sued",
        "Cli-Leverkusen"
      ],
      "opt_hops": 1,
      "opt_etx": 3.6316589085287547,
      "mc_hops_mean": 1.6032608695652173,
      "mc_hops_max": 3,
      "mc_etx_mean": 4.155767642900606,
      "detour_ratio": 1.1443166188159934,
      "frac_detour": 0.4891304347826087,
      "mc_tx_mean": 5.815217391304348,
      "mhr_tx": 2,
      "mc_rel": 0.5247439908817799,
      "mhr_rel": 0.5247439908817799,
      "deliv_ratio_flood": 0.92,
      "ra": "Deutz-Hochhaus",
      "rb": "Leverkusen",
      "opt_path": [
        "Deutz-Hochhaus",
        "Leverkusen"
      ]
    },
    {
      "pair": [
        "Cli-Koeln-Sued",
        "Cli-BergGladbach"
      ],
      "opt_hops": 1,
      "opt_etx": 2.8632040358851922,
      "mc_hops_mean": 1.3515151515151516,
      "mc_hops_max": 3,
      "mc_etx_mean": 3.1902026991110053,
      "detour_ratio": 1.1142072514314256,
      "frac_detour": 0.30303030303030304,
      "mc_tx_mean": 5.890909090909091,
      "mhr_tx": 2,
      "mc_rel": 0.5909814526755975,
      "mhr_rel": 0.5909814526755975,
      "deliv_ratio_flood": 0.825,
      "ra": "Deutz-Hochhaus",
      "rb": "Bergisch-Gladbach",
      "opt_path": [
        "Deutz-Hochhaus",
        "Bergisch-Gladbach"
      ]
    },
    {
      "pair": [
        "Cli-Koeln-Sued",
        "Cli-Huerth"
      ],
      "opt_hops": 1,
      "opt_etx": 1.0110633420360622,
      "mc_hops_mean": 1.165,
      "mc_hops_max": 2,
      "mc_etx_mean": 1.186528775745533,
      "detour_ratio": 1.1735454411353907,
      "frac_detour": 0.165,
      "mc_tx_mean": 5.745,
      "mhr_tx": 2,
      "mc_rel": 0.9945138089500605,
      "mhr_rel": 0.9945138089500605,
      "deliv_ratio_flood": 1.0,
      "ra": "Deutz-Hochhaus",
      "rb": "Lindenthal",
      "opt_path": [
        "Deutz-Hochhaus",
        "Lindenthal"
      ]
    },
    {
      "pair": [
        "Cli-Koeln-Sued",
        "Cli-Roesrath"
      ],
      "opt_hops": 1,
      "opt_etx": 1.01007550314386,
      "mc_hops_mean": 1.205,
      "mc_hops_max": 3,
      "mc_etx_mean": 1.3389120519618558,
      "detour_ratio": 1.3255564042435364,
      "frac_detour": 0.2,
      "mc_tx_mean": 5.54,
      "mhr_tx": 2,
      "mc_rel": 0.995,
      "mhr_rel": 0.995,
      "deliv_ratio_flood": 1.0,
      "ra": "Deutz-Hochhaus",
      "rb": "Colonius-Koeln",
      "opt_path": [
        "Deutz-Hochhaus",
        "Colonius-Koeln"
      ]
    },
    {
      "pair": [
        "Cli-Koeln-Sued",
        "Cli-Eifel-Bad-M"
      ],
      "opt_hops": 1,
      "opt_etx": 1.01007550314386,
      "mc_hops_mean": 1.225,
      "mc_hops_max": 3,
      "mc_etx_mean": 1.2912220170424067,
      "detour_ratio": 1.2783420774224088,
      "frac_detour": 0.22,
      "mc_tx_mean": 5.625,
      "mhr_tx": 2,
      "mc_rel": 0.995,
      "mhr_rel": 0.995,
      "deliv_ratio_flood": 1.0,
      "ra": "Deutz-Hochhaus",
      "rb": "Colonius-Koeln",
      "opt_path": [
        "Deutz-Hochhaus",
        "Colonius-Koeln"
      ]
    },
    {
      "pair": [
        "Cli-Koeln-Nord",
        "Cli-Deutz"
      ],
      "opt_hops": 1,
      "opt_etx": 1.01007550314386,
      "mc_hops_mean": 1.205,
      "mc_hops_max": 2,
      "mc_etx_mean": 1.270710014580956,
      "detour_ratio": 1.258034682185511,
      "frac_detour": 0.205,
      "mc_tx_mean": 5.365,
      "mhr_tx": 2,
      "mc_rel": 0.995,
      "mhr_rel": 0.995,
      "deliv_ratio_flood": 1.0,
      "ra": "Colonius-Koeln",
      "rb": "Deutz-Hochhaus",
      "opt_path": [
        "Colonius-Koeln",
        "Deutz-Hochhaus"
      ]
    },
    {
      "pair": [
        "Cli-Koeln-Nord",
        "Cli-Leverkusen"
      ],
      "opt_hops": 1,
      "opt_etx": 3.004633642018813,
      "mc_hops_mean": 1.4725274725274726,
      "mc_hops_max": 3,
      "mc_etx_mean": 3.749971554117941,
      "detour_ratio": 1.248062825921877,
      "frac_detour": 0.41208791208791207,
      "mc_tx_mean": 5.868131868131868,
      "mhr_tx": 2,
      "mc_rel": 0.522120270927371,
      "mhr_rel": 0.5769049126178564,
      "deliv_ratio_flood": 0.91,
      "ra": "Colonius-Koeln",
      "rb": "Leverkusen",
      "opt_path": [
        "Colonius-Koeln",
        "Leverkusen"
      ]
    },
    {
      "pair": [
        "Cli-Koeln-Nord",
        "Cli-BergGladbach"
      ],
      "opt_hops": 2,
      "opt_etx": 3.7696086048903896,
      "mc_hops_mean": 2.2048192771084336,
      "mc_hops_max": 4,
      "mc_etx_mean": 4.147329420419601,
      "detour_ratio": 1.100201600516082,
      "frac_detour": 0.18674698795180722,
      "mc_tx_mean": 5.9397590361445785,
      "mhr_tx": 3,
      "mc_rel": 0.5880265454122195,
      "mhr_rel": 0.5866567351561857,
      "deliv_ratio_flood": 0.83,
      "ra": "Colonius-Koeln",
      "rb": "Bergisch-Gladbach",
      "opt_path": [
        "Colonius-Koeln",
        "Koeln-Muelheim",
        "Bergisch-Gladbach"
      ]
    },
    {
      "pair": [
        "Cli-Koeln-Nord",
        "Cli-Huerth"
      ],
      "opt_hops": 1,
      "opt_etx": 1.01007550314386,
      "mc_hops_mean": 1.155,
      "mc_hops_max": 2,
      "mc_etx_mean": 1.193157342308302,
      "detour_ratio": 1.1812555978187766,
      "frac_detour": 0.155,
      "mc_tx_mean": 5.745,
      "mhr_tx": 2,
      "mc_rel": 0.9895412399053102,
      "mhr_rel": 0.995,
      "deliv_ratio_flood": 1.0,
      "ra": "Colonius-Koeln",
      "rb": "Lindenthal",
      "opt_path": [
        "Colonius-Koeln",
        "Lindenthal"
      ]
    },
    {
      "pair": [
        "Cli-Deutz",
        "Cli-Ehrenfeld"
      ],
      "opt_hops": 1,
      "opt_etx": 1.01007550314386,
      "mc_hops_mean": 1.2,
      "mc_hops_max": 2,
      "mc_etx_mean": 1.357520488118777,
      "detour_ratio": 1.3439792212497923,
      "frac_detour": 0.2,
      "mc_tx_mean": 5.635,
      "mhr_tx": 2,
      "mc_rel": 0.995,
      "mhr_rel": 0.995,
      "deliv_ratio_flood": 1.0,
      "ra": "Deutz-Hochhaus",
      "rb": "Colonius-Koeln",
      "opt_path": [
        "Deutz-Hochhaus",
        "Colonius-Koeln"
      ]
    },
    {
      "pair": [
        "Cli-Deutz",
        "Cli-Leverkusen"
      ],
      "opt_hops": 1,
      "opt_etx": 3.6316589085287547,
      "mc_hops_mean": 1.5268817204301075,
      "mc_hops_max": 3,
      "mc_etx_mean": 4.048618302779633,
      "detour_ratio": 1.1148123776909973,
      "frac_detour": 0.43010752688172044,